nm 	Psi 	Delta 	Ic 	Is 	Reflectance 	Transmission 	IcPrim 	IntegrationTime 	IntensityMax 	Polarization 	PolarizationGen 	Mueller11 	Mueller12 	Mueller13 	Mueller14 	Mueller21 	Mueller22 	Mueller23 	Mueller24 	Mueller31 	Mueller32 	Mueller33 	Mueller34 	Mueller41 	Mueller42 	Mueller43 	Mueller44 	eV
 
997.6623 42.611 156.426 -0.87685 0.38262 0.874 0.000 0.07998 9.0000 4.03 0.9392 0.9403 1.0000 -0.0673 -0.0309 0.0212 -0.0858 0.9149 0.0518 -0.0081 0.0248 0.0585 -0.8121 0.3675 -0.0048 0.0038 -0.3652 -0.8670 1.242747 
994.8812 42.561 156.368 -0.88176 0.38582 0.913 0.000 0.08215 9.0000 4.29 0.9450 0.9461 1.0000 -0.0711 -0.0280 0.0217 -0.0867 0.9212 0.0557 -0.0048 0.0217 0.0524 -0.8202 0.3749 -0.0101 -0.0018 -0.3664 -0.8739 1.246221 
992.4958 42.520 156.317 -0.88541 0.38836 0.908 0.000 0.08390 9.0000 4.49 0.9497 0.9507 1.0000 -0.0740 -0.0258 0.0220 -0.0876 0.9265 0.0582 -0.0024 0.0194 0.0483 -0.8265 0.3796 -0.0128 -0.0048 -0.3685 -0.8792 1.249216 
990.1091 42.482 156.265 -0.88836 0.39061 0.891 0.000 0.08553 9.0000 4.66 0.9538 0.9547 1.0000 -0.0766 -0.0237 0.0222 -0.0886 0.9313 0.0599 -0.0003 0.0177 0.0453 -0.8321 0.3827 -0.0140 -0.0064 -0.3717 -0.8836 1.252228 
987.3229 42.411 156.181 -0.89399 0.39465 0.884 0.000 0.08854 9.0000 4.90 0.9607 0.9615 1.0000 -0.0813 -0.0214 0.0214 -0.0904 0.9386 0.0593 0.0027 0.0167 0.0445 -0.8428 0.3833 -0.0106 -0.0002 -0.3818 -0.8903 1.255761 
984.9332 42.397 156.121 -0.88897 0.39355 0.883 0.000 0.08856 9.0000 5.02 0.9593 0.9603 1.0000 -0.0802 -0.0182 0.0219 -0.0917 0.9408 0.0644 0.0016 0.0152 0.0422 -0.8376 0.3815 -0.0100 -0.0073 -0.3823 -0.8877 1.258808 
982.5420 42.411 156.016 -0.88737 0.39478 0.891 0.000 0.08803 9.0000 5.19 0.9580 0.9588 1.0000 -0.0803 -0.0184 0.0216 -0.0904 0.9392 0.0603 0.0027 0.0113 0.0384 -0.8375 0.3809 -0.0084 -0.0055 -0.3847 -0.8833 1.261872 
979.7505 42.555 155.849 -0.88306 0.39596 0.900 0.000 0.08280 9.0000 5.35 0.9590 0.9598 1.0000 -0.0768 -0.0183 0.0229 -0.0842 0.9450 0.0531 0.0045 0.0119 0.0428 -0.8353 0.3829 -0.0044 -0.0019 -0.3873 -0.8823 1.265467 
977.3562 42.663 155.943 -0.88047 0.39306 0.889 0.000 0.07883 9.0000 5.52 0.9587 0.9595 1.0000 -0.0736 -0.0164 0.0237 -0.0800 0.9483 0.0518 0.0010 0.0136 0.0442 -0.8339 0.3791 -0.0049 -0.0043 -0.3866 -0.8815 1.268567 
974.9604 42.651 155.951 -0.88020 0.39280 0.902 0.000 0.07920 9.0000 6.04 0.9563 0.9570 1.0000 -0.0733 -0.0138 0.0239 -0.0807 0.9437 0.0529 0.0031 0.0107 0.0405 -0.8329 0.3781 -0.0040 -0.0028 -0.3853 -0.8779 1.271684 
972.1634 42.690 155.809 -0.88080 0.39568 0.902 0.000 0.07802 9.0000 6.23 0.9588 0.9596 1.0000 -0.0716 -0.0134 0.0282 -0.0803 0.9471 0.0515 0.0076 0.0110 0.0435 -0.8311 0.3820 -0.0015 0.0028 -0.3884 -0.8839 1.275343 
969.7643 42.735 155.882 -0.87651 0.39241 0.906 0.000 0.07610 9.0000 6.42 0.9537 0.9544 1.0000 -0.0711 -0.0170 0.0235 -0.0766 0.9418 0.0495 -0.0001 0.0164 0.0426 -0.8257 0.3805 0.0006 0.0022 -0.3815 -0.8763 1.278498 
967.3636 42.744 155.829 -0.87564 0.39300 0.917 0.000 0.07574 9.0000 6.83 0.9516 0.9523 1.0000 -0.0709 -0.0161 0.0237 -0.0759 0.9380 0.0494 0.0020 0.0187 0.0448 -0.8221 0.3850 0.0001 0.0040 -0.3766 -0.8748 1.281671 
964.5610 42.812 155.851 -0.87787 0.39359 0.909 0.000 0.07363 9.0000 6.81 0.9555 0.9562 1.0000 -0.0697 -0.0175 0.0252 -0.0735 0.9440 0.0444 0.0028 0.0176 0.0464 -0.8259 0.3893 -0.0005 0.0070 -0.3758 -0.8807 1.285395 
962.1569 42.789 155.796 -0.88088 0.39595 0.909 0.000 0.07469 9.0000 7.00 0.9574 0.9582 1.0000 -0.0709 -0.0168 0.0260 -0.0743 0.9442 0.0454 0.0036 0.0186 0.0478 -0.8274 0.3917 0.0008 0.0108 -0.3781 -0.8852 1.288607 
959.7513 42.818 155.667 -0.88261 0.39913 0.912 0.000 0.07391 9.0000 7.45 0.9596 0.9604 1.0000 -0.0703 -0.0169 0.0244 -0.0735 0.9458 0.0460 0.0044 0.0207 0.0506 -0.8305 0.3962 0.0018 0.0149 -0.3804 -0.8869 1.291837 
956.9427 42.818 155.684 -0.88122 0.39819 0.910 0.000 0.07380 9.0000 7.73 0.9577 0.9586 1.0000 -0.0685 -0.0181 0.0231 -0.0749 0.9437 0.0503 0.0017 0.0232 0.0536 -0.8299 0.3974 -0.0018 0.0090 -0.3766 -0.8829 1.295628 
954.5336 42.786 155.727 -0.88074 0.39716 0.927 0.000 0.07481 9.0000 8.10 0.9571 0.9579 1.0000 -0.0697 -0.0206 0.0229 -0.0757 0.9432 0.0491 0.0010 0.0211 0.0496 -0.8297 0.3982 -0.0051 0.0040 -0.3735 -0.8817 1.298898 
952.1228 42.809 155.755 -0.88206 0.39724 0.912 0.000 0.07414 9.0000 8.20 0.9565 0.9573 1.0000 -0.0688 -0.0223 0.0219 -0.0751 0.9409 0.0472 0.0016 0.0189 0.0492 -0.8329 0.3975 -0.0079 0.0019 -0.3735 -0.8791 1.302187 
949.3082 42.806 155.632 -0.88445 0.40060 0.909 0.000 0.07449 9.0000 8.22 0.9580 0.9588 1.0000 -0.0696 -0.0246 0.0229 -0.0749 0.9405 0.0429 0.0035 0.0202 0.0502 -0.8355 0.4018 -0.0081 0.0023 -0.3756 -0.8808 1.306048 
946.8937 42.757 155.713 -0.88726 0.40036 0.923 0.000 0.07639 9.0000 8.71 0.9575 0.9583 1.0000 -0.0717 -0.0252 0.0221 -0.0763 0.9369 0.0426 0.0019 0.0208 0.0490 -0.8392 0.4010 -0.0081 0.0024 -0.3744 -0.8794 1.309378 
944.4776 42.675 155.663 -0.88834 0.40179 0.948 0.000 0.07929 9.0000 8.81 0.9552 0.9559 1.0000 -0.0757 -0.0276 0.0194 -0.0773 0.9305 0.0393 0.0000 0.0208 0.0467 -0.8391 0.4018 -0.0076 0.0036 -0.3739 -0.8758 1.312728 
941.6566 42.626 155.595 -0.89078 0.40417 0.914 0.000 0.08126 9.0000 9.09 0.9570 0.9577 1.0000 -0.0779 -0.0283 0.0192 -0.0790 0.9309 0.0375 0.0018 0.0198 0.0462 -0.8405 0.4039 -0.0064 0.0075 -0.3766 -0.8795 1.316660 
939.2368 42.588 155.545 -0.89101 0.40522 0.930 0.000 0.08261 9.0000 9.37 0.9589 0.9596 1.0000 -0.0801 -0.0293 0.0186 -0.0797 0.9340 0.0374 0.0004 0.0193 0.0423 -0.8414 0.4049 -0.0043 0.0080 -0.3788 -0.8818 1.320052 
936.4113 42.529 155.487 -0.89263 0.40704 0.940 0.000 0.08485 9.0000 9.81 0.9588 0.9594 1.0000 -0.0811 -0.0276 0.0190 -0.0828 0.9314 0.0372 0.0036 0.0172 0.0396 -0.8428 0.4040 -0.0039 0.0081 -0.3821 -0.8812 1.324036 
933.9876 42.485 155.426 -0.89387 0.40876 0.924 0.000 0.08650 9.0000 9.94 0.9602 0.9608 1.0000 -0.0837 -0.0269 0.0191 -0.0835 0.9325 0.0364 0.0023 0.0153 0.0377 -0.8442 0.4040 -0.0022 0.0104 -0.3859 -0.8832 1.327471 
931.5621 42.424 155.179 -0.89600 0.41440 0.917 0.000 0.08902 9.0000 10.19 0.9628 0.9634 1.0000 -0.0861 -0.0238 0.0186 -0.0860 0.9334 0.0383 0.0029 0.0134 0.0370 -0.8463 0.4085 -0.0010 0.0138 -0.3927 -0.8860 1.330928 
928.7301 42.440 154.897 -0.89457 0.41911 0.930 0.000 0.08853 9.0000 10.67 0.9647 0.9652 1.0000 -0.0858 -0.0232 0.0182 -0.0856 0.9365 0.0371 0.0041 0.0127 0.0359 -0.8461 0.4128 0.0004 0.0142 -0.3988 -0.8862 1.334986 
926.3006 42.459 154.797 -0.89257 0.42007 0.927 0.000 0.08772 9.0000 10.70 0.9658 0.9663 1.0000 -0.0846 -0.0220 0.0186 -0.0855 0.9403 0.0382 0.0041 0.0125 0.0379 -0.8459 0.4119 -0.0017 0.0106 -0.4032 -0.8860 1.338488 
923.8693 42.446 154.902 -0.89153 0.41759 0.935 0.000 0.08800 9.0000 11.21 0.9658 0.9663 1.0000 -0.0845 -0.0215 0.0200 -0.0864 0.9421 0.0401 0.0047 0.0126 0.0369 -0.8466 0.4086 -0.0025 0.0076 -0.4024 -0.8849 1.342010 
921.0304 42.401 154.762 -0.89044 0.41974 0.925 0.000 0.08954 9.0000 11.28 0.9659 0.9664 1.0000 -0.0865 -0.0191 0.0206 -0.0874 0.9422 0.0428 0.0033 0.0116 0.0345 -0.8446 0.4100 -0.0024 0.0046 -0.4053 -0.8849 1.346147 
918.5950 42.409 154.700 -0.89041 0.42090 0.923 0.000 0.08932 9.0000 11.68 0.9664 0.9670 1.0000 -0.0864 -0.0186 0.0218 -0.0871 0.9430 0.0416 0.0030 0.0131 0.0353 -0.8451 0.4107 -0.0025 0.0042 -0.4071 -0.8850 1.349716 
916.1577 42.423 154.530 -0.88715 0.42257 0.917 0.000 0.08865 9.0000 11.09 0.9643 0.9649 1.0000 -0.0859 -0.0173 0.0212 -0.0861 0.9409 0.0424 0.0011 0.0142 0.0372 -0.8408 0.4129 -0.0032 0.0038 -0.4073 -0.8811 1.353306 
913.3118 42.449 154.359 -0.88467 0.42464 0.929 0.000 0.08761 9.0000 12.21 0.9639 0.9645 1.0000 -0.0850 -0.0172 0.0217 -0.0851 0.9415 0.0423 -0.0004 0.0151 0.0384 -0.8379 0.4164 -0.0026 0.0057 -0.4081 -0.8796 1.357523 
910.8703 42.515 154.358 -0.88246 0.42360 0.927 0.000 0.08511 9.0000 12.30 0.9642 0.9648 1.0000 -0.0829 -0.0165 0.0220 -0.0826 0.9446 0.0428 -0.0017 0.0157 0.0405 -0.8362 0.4175 -0.0022 0.0066 -0.4063 -0.8799 1.361162 
908.4269 42.549 154.291 -0.87985 0.42361 0.927 0.000 0.08376 9.0000 12.56 0.9632 0.9637 1.0000 -0.0819 -0.0153 0.0211 -0.0810 0.9449 0.0433 -0.0050 0.0164 0.0407 -0.8336 0.4175 -0.0018 0.0053 -0.4064 -0.8776 1.364823 
905.5737 42.588 154.279 -0.87675 0.42234 0.940 0.000 0.08213 9.0000 12.66 0.9611 0.9617 1.0000 -0.0801 -0.0161 0.0216 -0.0795 0.9440 0.0432 -0.0056 0.0170 0.0417 -0.8302 0.4181 -0.0031 0.0037 -0.4030 -0.8742 1.369123 
903.1259 42.615 154.213 -0.87442 0.42247 0.939 0.000 0.08105 9.0000 13.17 0.9599 0.9605 1.0000 -0.0798 -0.0173 0.0213 -0.0778 0.9436 0.0419 -0.0071 0.0181 0.0438 -0.8278 0.4193 -0.0043 0.0032 -0.4018 -0.8718 1.372834 
900.6761 42.651 154.063 -0.87153 0.42390 0.947 0.000 0.07965 9.0000 13.29 0.9589 0.9595 1.0000 -0.0774 -0.0174 0.0204 -0.0774 0.9436 0.0410 -0.0067 0.0187 0.0450 -0.8245 0.4219 -0.0051 0.0029 -0.4020 -0.8694 1.376568 
897.8156 42.711 153.965 -0.86663 0.42333 0.952 0.000 0.07722 9.0000 13.48 0.9567 0.9573 1.0000 -0.0745 -0.0185 0.0192 -0.0756 0.9438 0.0411 -0.0063 0.0179 0.0452 -0.8201 0.4211 -0.0066 0.0009 -0.4018 -0.8645 1.380954 
895.3613 42.701 154.059 -0.86603 0.42129 0.953 0.000 0.07746 9.0000 14.19 0.9562 0.9569 1.0000 -0.0750 -0.0192 0.0193 -0.0756 0.9444 0.0414 -0.0056 0.0180 0.0444 -0.8203 0.4182 -0.0071 -0.0005 -0.4010 -0.8636 1.384739 
892.9051 42.675 154.067 -0.86627 0.42125 0.972 0.000 0.07834 9.0000 13.96 0.9557 0.9564 1.0000 -0.0758 -0.0193 0.0193 -0.0764 0.9430 0.0425 -0.0038 0.0187 0.0444 -0.8201 0.4173 -0.0059 0.0005 -0.4012 -0.8631 1.388548 
890.0368 42.630 154.054 -0.86510 0.42092 0.953 0.000 0.07976 9.0000 14.81 0.9543 0.9549 1.0000 -0.0765 -0.0209 0.0198 -0.0784 0.9412 0.0441 -0.0028 0.0186 0.0429 -0.8184 0.4161 -0.0052 0.0010 -0.4010 -0.8609 1.393023 
887.5759 42.593 153.989 -0.86539 0.42229 0.960 0.000 0.08109 9.0000 14.50 0.9531 0.9538 1.0000 -0.0768 -0.0219 0.0199 -0.0804 0.9379 0.0456 -0.0012 0.0187 0.0432 -0.8178 0.4166 -0.0049 0.0021 -0.4018 -0.8593 1.396885 
885.1130 42.590 153.834 -0.86374 0.42438 0.959 0.000 0.08117 9.0000 14.91 0.9527 0.9534 1.0000 -0.0764 -0.0225 0.0193 -0.0809 0.9375 0.0463 0.0000 0.0182 0.0440 -0.8164 0.4186 -0.0049 0.0030 -0.4037 -0.8572 1.400772 
882.2369 42.557 153.751 -0.86530 0.42670 0.966 0.000 0.08247 9.0000 15.16 0.9539 0.9546 1.0000 -0.0773 -0.0240 0.0189 -0.0824 0.9374 0.0470 0.0008 0.0183 0.0447 -0.8187 0.4203 -0.0039 0.0041 -0.4064 -0.8578 1.405339 
879.7693 42.507 153.759 -0.86728 0.42752 0.958 0.000 0.08437 9.0000 15.72 0.9557 0.9564 1.0000 -0.0794 -0.0243 0.0184 -0.0842 0.9389 0.0485 0.0006 0.0179 0.0435 -0.8220 0.4209 -0.0028 0.0043 -0.4080 -0.8595 1.409281 
877.2994 42.465 153.662 -0.86918 0.43029 0.953 0.000 0.08604 9.0000 16.28 0.9576 0.9583 1.0000 -0.0813 -0.0242 0.0171 -0.0856 0.9399 0.0482 -0.0013 0.0172 0.0428 -0.8257 0.4237 -0.0027 0.0042 -0.4110 -0.8604 1.413248 
874.4153 42.390 153.578 -0.86952 0.43206 0.954 0.000 0.08870 9.0000 16.34 0.9572 0.9579 1.0000 -0.0832 -0.0259 0.0178 -0.0887 0.9379 0.0505 -0.0021 0.0160 0.0403 -0.8262 0.4254 -0.0026 0.0031 -0.4119 -0.8588 1.417910 
871.9407 42.343 153.512 -0.86942 0.43325 0.965 0.000 0.09036 9.0000 17.09 0.9577 0.9584 1.0000 -0.0851 -0.0264 0.0184 -0.0900 0.9382 0.0514 -0.0029 0.0149 0.0380 -0.8269 0.4266 -0.0031 0.0021 -0.4131 -0.8582 1.421934 
869.4639 42.317 153.337 -0.87047 0.43710 0.965 0.000 0.09149 9.0000 17.46 0.9596 0.9603 1.0000 -0.0859 -0.0251 0.0183 -0.0916 0.9395 0.0521 -0.0019 0.0142 0.0374 -0.8288 0.4302 -0.0032 0.0026 -0.4176 -0.8594 1.425984 
866.5714 42.260 153.335 -0.87048 0.43715 0.965 0.000 0.09344 9.0000 17.40 0.9605 0.9612 1.0000 -0.0881 -0.0240 0.0190 -0.0932 0.9412 0.0549 -0.0029 0.0143 0.0364 -0.8302 0.4301 -0.0038 0.0005 -0.4185 -0.8596 1.430744 
864.0897 42.248 153.282 -0.87072 0.43826 0.962 0.000 0.09393 9.0000 17.81 0.9621 0.9628 1.0000 -0.0892 -0.0223 0.0197 -0.0934 0.9438 0.0552 -0.0028 0.0134 0.0346 -0.8319 0.4303 -0.0038 -0.0005 -0.4216 -0.8606 1.434853 
861.6057 42.256 153.216 -0.87044 0.43939 0.959 0.000 0.09369 9.0000 18.14 0.9632 0.9640 1.0000 -0.0888 -0.0213 0.0203 -0.0935 0.9458 0.0556 -0.0025 0.0144 0.0365 -0.8328 0.4316 -0.0034 -0.0002 -0.4234 -0.8609 1.438990 
858.7048 42.259 153.112 -0.86742 0.43985 0.962 0.000 0.09334 9.0000 18.55 0.9624 0.9632 1.0000 -0.0883 -0.0208 0.0228 -0.0934 0.9466 0.0576 -0.0009 0.0156 0.0375 -0.8289 0.4311 -0.0029 0.0002 -0.4251 -0.8596 1.443851 
856.2158 42.270 152.959 -0.86556 0.44181 0.964 0.000 0.09288 9.0000 19.26 0.9618 0.9626 1.0000 -0.0878 -0.0198 0.0232 -0.0929 0.9460 0.0588 -0.0004 0.0155 0.0375 -0.8257 0.4336 -0.0018 0.0020 -0.4262 -0.8587 1.448048 
853.7244 42.323 152.880 -0.86262 0.44181 0.976 0.000 0.09083 9.0000 19.45 0.9617 0.9625 1.0000 -0.0863 -0.0187 0.0231 -0.0907 0.9487 0.0589 0.0000 0.0158 0.0392 -0.8237 0.4340 -0.0017 0.0024 -0.4270 -0.8573 1.452274 
850.8148 42.355 152.878 -0.86173 0.44140 0.961 0.000 0.08964 9.0000 19.79 0.9616 0.9625 1.0000 -0.0853 -0.0184 0.0231 -0.0895 0.9496 0.0592 0.0002 0.0165 0.0405 -0.8236 0.4347 -0.0016 0.0023 -0.4259 -0.8564 1.457241 
848.3182 42.370 152.819 -0.85995 0.44160 0.966 0.000 0.08899 9.0000 20.02 0.9606 0.9614 1.0000 -0.0847 -0.0187 0.0223 -0.0887 0.9489 0.0584 -0.0005 0.0173 0.0409 -0.8219 0.4351 -0.0012 0.0028 -0.4256 -0.8540 1.461529 
845.8193 42.416 152.769 -0.85857 0.44183 0.966 0.000 0.08733 9.0000 20.59 0.9598 0.9607 1.0000 -0.0823 -0.0185 0.0214 -0.0879 0.9487 0.0586 -0.0009 0.0184 0.0432 -0.8214 0.4364 -0.0009 0.0036 -0.4246 -0.8516 1.465847 
842.9009 42.445 152.685 -0.85517 0.44166 0.969 0.000 0.08605 9.0000 20.90 0.9580 0.9588 1.0000 -0.0808 -0.0198 0.0206 -0.0868 0.9480 0.0591 -0.0021 0.0186 0.0426 -0.8184 0.4368 -0.0006 0.0036 -0.4236 -0.8475 1.470923 
840.3967 42.446 152.668 -0.85384 0.44130 0.963 0.000 0.08590 9.0000 21.73 0.9572 0.9581 1.0000 -0.0802 -0.0205 0.0206 -0.0871 0.9478 0.0606 -0.0019 0.0181 0.0426 -0.8173 0.4371 -0.0012 0.0027 -0.4224 -0.8458 1.475305 
837.8901 42.439 152.635 -0.85419 0.44210 0.971 0.000 0.08620 9.0000 21.80 0.9577 0.9585 1.0000 -0.0804 -0.0209 0.0198 -0.0875 0.9480 0.0604 -0.0023 0.0180 0.0431 -0.8186 0.4382 -0.0016 0.0021 -0.4230 -0.8454 1.479719 
834.9625 42.401 152.577 -0.85470 0.44347 0.967 0.000 0.08760 9.0000 22.72 0.9584 0.9592 1.0000 -0.0813 -0.0224 0.0187 -0.0894 0.9483 0.0605 -0.0028 0.0182 0.0433 -0.8207 0.4395 -0.0014 0.0020 -0.4245 -0.8444 1.484907 
832.4505 42.386 152.461 -0.85460 0.44562 0.962 0.000 0.08818 9.0000 22.66 0.9590 0.9598 1.0000 -0.0821 -0.0234 0.0179 -0.0897 0.9486 0.0592 -0.0021 0.0178 0.0424 -0.8217 0.4411 -0.0016 0.0024 -0.4272 -0.8436 1.489388 
829.9360 42.352 152.393 -0.85478 0.44700 0.955 0.000 0.08942 9.0000 23.37 0.9595 0.9604 1.0000 -0.0832 -0.0242 0.0176 -0.0911 0.9489 0.0594 -0.0017 0.0169 0.0415 -0.8226 0.4418 -0.0015 0.0024 -0.4293 -0.8432 1.493901 
826.9992 42.257 152.226 -0.85451 0.45003 0.952 0.000 0.09276 9.0000 23.86 0.9593 0.9601 1.0000 -0.0865 -0.0251 0.0179 -0.0941 0.9468 0.0609 -0.0011 0.0164 0.0391 -0.8209 0.4434 -0.0005 0.0042 -0.4327 -0.8427 1.499206 
824.4792 42.186 152.101 -0.85500 0.45267 0.957 0.000 0.09533 9.0000 23.83 0.9597 0.9605 1.0000 -0.0892 -0.0250 0.0180 -0.0963 0.9459 0.0615 -0.0004 0.0150 0.0375 -0.8210 0.4453 0.0002 0.0053 -0.4356 -0.8427 1.503788 
821.9566 42.118 151.916 -0.85618 0.45686 0.948 0.000 0.09795 9.0000 25.01 0.9612 0.9620 1.0000 -0.0914 -0.0250 0.0174 -0.0992 0.9458 0.0611 0.0000 0.0143 0.0368 -0.8218 0.4492 0.0011 0.0069 -0.4397 -0.8441 1.508403 
819.0103 42.062 151.765 -0.85730 0.46036 0.950 0.000 0.10016 9.0000 25.72 0.9627 0.9635 1.0000 -0.0935 -0.0248 0.0177 -0.1014 0.9460 0.0602 0.0008 0.0139 0.0369 -0.8230 0.4526 0.0008 0.0067 -0.4433 -0.8453 1.513829 
816.4821 42.013 151.584 -0.85702 0.46371 0.941 0.000 0.10196 9.0000 25.87 0.9634 0.9642 1.0000 -0.0955 -0.0243 0.0177 -0.1029 0.9460 0.0600 0.0006 0.0140 0.0373 -0.8222 0.4559 0.0010 0.0074 -0.4465 -0.8455 1.518517 
813.9513 42.011 151.467 -0.85646 0.46567 0.950 0.000 0.10209 9.0000 26.44 0.9646 0.9654 1.0000 -0.0955 -0.0229 0.0179 -0.1034 0.9479 0.0603 0.0012 0.0150 0.0392 -0.8226 0.4579 0.0015 0.0082 -0.4492 -0.8456 1.523238 
810.9953 42.010 151.280 -0.85438 0.46814 0.936 0.000 0.10206 9.0000 27.11 0.9651 0.9659 1.0000 -0.0961 -0.0219 0.0182 -0.1029 0.9496 0.0600 0.0003 0.0150 0.0397 -0.8206 0.4609 0.0020 0.0084 -0.4518 -0.8451 1.528790 
808.4587 41.997 151.209 -0.85356 0.46907 0.925 0.000 0.10246 9.0000 27.06 0.9653 0.9661 1.0000 -0.0969 -0.0207 0.0191 -0.1029 0.9502 0.0604 0.0006 0.0144 0.0386 -0.8196 0.4623 0.0014 0.0069 -0.4525 -0.8451 1.533587 
805.4960 42.014 151.051 -0.85222 0.47140 0.920 0.000 0.10189 9.0000 28.89 0.9660 0.9668 1.0000 -0.0967 -0.0197 0.0194 -0.1022 0.9517 0.0608 0.0003 0.0142 0.0403 -0.8186 0.4649 0.0008 0.0060 -0.4551 -0.8447 1.539228 
802.9537 42.037 150.918 -0.85059 0.47308 0.911 0.000 0.10103 9.0000 28.62 0.9665 0.9674 1.0000 -0.0961 -0.0194 0.0192 -0.1012 0.9535 0.0604 0.0000 0.0148 0.0410 -0.8174 0.4677 0.0012 0.0072 -0.4565 -0.8442 1.544101 
800.4086 42.082 150.855 -0.84863 0.47322 0.910 0.000 0.09932 9.0000 28.71 0.9662 0.9670 1.0000 -0.0948 -0.0188 0.0190 -0.0994 0.9547 0.0596 0.0002 0.0146 0.0408 -0.8158 0.4686 0.0009 0.0075 -0.4564 -0.8430 1.549011 
797.4359 42.120 150.847 -0.84703 0.47248 0.896 0.000 0.09784 9.0000 29.82 0.9665 0.9673 1.0000 -0.0944 -0.0188 0.0189 -0.0971 0.9572 0.0579 -0.0012 0.0136 0.0390 -0.8149 0.4690 0.0001 0.0074 -0.4558 -0.8429 1.554786 
794.8848 42.126 150.753 -0.84508 0.47321 0.897 0.000 0.09748 9.0000 29.84 0.9653 0.9660 1.0000 -0.0940 -0.0192 0.0180 -0.0967 0.9559 0.0586 -0.0016 0.0140 0.0385 -0.8121 0.4694 0.0006 0.0092 -0.4561 -0.8409 1.559776 
792.3311 42.155 150.675 -0.84370 0.47395 0.889 0.000 0.09642 9.0000 29.80 0.9647 0.9655 1.0000 -0.0930 -0.0195 0.0170 -0.0956 0.9558 0.0571 -0.0028 0.0139 0.0380 -0.8109 0.4699 0.0004 0.0099 -0.4570 -0.8392 1.564803 
789.3481 42.170 150.522 -0.84300 0.47651 0.892 0.000 0.09598 9.0000 31.22 0.9651 0.9658 1.0000 -0.0919 -0.0202 0.0155 -0.0959 0.9560 0.0554 -0.0035 0.0136 0.0379 -0.8103 0.4725 0.0001 0.0109 -0.4596 -0.8386 1.570716 
786.7883 42.153 150.420 -0.84261 0.47828 0.890 0.000 0.09659 9.0000 30.90 0.9652 0.9659 1.0000 -0.0920 -0.0207 0.0142 -0.0969 0.9557 0.0545 -0.0051 0.0136 0.0375 -0.8105 0.4738 -0.0002 0.0108 -0.4615 -0.8374 1.575826 
784.2256 42.132 150.316 -0.84234 0.48015 0.890 0.000 0.09738 9.0000 31.86 0.9657 0.9664 1.0000 -0.0927 -0.0215 0.0129 -0.0978 0.9559 0.0534 -0.0068 0.0134 0.0370 -0.8106 0.4759 -0.0002 0.0112 -0.4632 -0.8369 1.580976 
781.2322 42.088 150.151 -0.84118 0.48270 0.891 0.000 0.09891 9.0000 32.60 0.9662 0.9668 1.0000 -0.0940 -0.0220 0.0120 -0.0995 0.9564 0.0525 -0.0081 0.0133 0.0362 -0.8100 0.4785 0.0000 0.0111 -0.4659 -0.8356 1.587034 
778.6634 42.029 150.003 -0.84196 0.48606 0.884 0.000 0.10118 9.0000 32.88 0.9675 0.9681 1.0000 -0.0967 -0.0220 0.0113 -0.1013 0.9566 0.0503 -0.0096 0.0125 0.0351 -0.8116 0.4821 -0.0006 0.0101 -0.4690 -0.8358 1.592269 
776.0917 41.964 149.785 -0.84138 0.48999 0.877 0.000 0.10358 9.0000 33.31 0.9683 0.9689 1.0000 -0.0988 -0.0217 0.0113 -0.1038 0.9566 0.0500 -0.0107 0.0125 0.0358 -0.8114 0.4856 -0.0012 0.0090 -0.4731 -0.8348 1.597546 
773.0877 41.888 149.502 -0.84057 0.49510 0.869 0.000 0.10638 9.0000 34.34 0.9694 0.9700 1.0000 -0.1015 -0.0211 0.0112 -0.1066 0.9567 0.0491 -0.0124 0.0128 0.0375 -0.8109 0.4907 -0.0015 0.0082 -0.4780 -0.8338 1.603753 
770.5097 41.835 149.359 -0.84111 0.49824 0.861 0.000 0.10844 9.0000 34.58 0.9712 0.9718 1.0000 -0.1043 -0.0202 0.0116 -0.1081 0.9581 0.0469 -0.0130 0.0124 0.0369 -0.8119 0.4942 -0.0019 0.0070 -0.4814 -0.8351 1.609119 
767.9287 41.790 149.194 -0.83955 0.50059 0.853 0.000 0.10997 9.0000 36.52 0.9719 0.9724 1.0000 -0.1065 -0.0196 0.0122 -0.1089 0.9594 0.0460 -0.0139 0.0121 0.0372 -0.8108 0.4970 -0.0023 0.0057 -0.4838 -0.8342 1.614527 
764.9139 41.758 148.989 -0.83969 0.50476 0.844 0.000 0.11136 9.0000 36.51 0.9737 0.9743 1.0000 -0.1086 -0.0187 0.0124 -0.1097 0.9607 0.0441 -0.0140 0.0126 0.0395 -0.8111 0.5018 -0.0024 0.0055 -0.4879 -0.8353 1.620891 
762.3265 41.742 148.828 -0.83766 0.50674 0.840 0.000 0.11182 9.0000 37.05 0.9730 0.9736 1.0000 -0.1093 -0.0185 0.0127 -0.1099 0.9600 0.0449 -0.0129 0.0134 0.0411 -0.8085 0.5033 -0.0026 0.0052 -0.4899 -0.8333 1.626392 
759.7362 41.742 148.696 -0.83531 0.50795 0.832 0.000 0.11165 9.0000 38.35 0.9721 0.9727 1.0000 -0.1092 -0.0187 0.0130 -0.1096 0.9595 0.0451 -0.0120 0.0141 0.0429 -0.8055 0.5040 -0.0029 0.0048 -0.4914 -0.8313 1.631937 
756.7104 41.762 148.580 -0.83375 0.50932 0.833 0.000 0.11090 9.0000 39.04 0.9723 0.9729 1.0000 -0.1085 -0.0189 0.0120 -0.1089 0.9606 0.0449 -0.0109 0.0143 0.0444 -0.8039 0.5058 -0.0032 0.0041 -0.4928 -0.8308 1.638463 
754.1135 41.779 148.526 -0.83227 0.50949 0.836 0.000 0.11019 9.0000 39.98 0.9717 0.9724 1.0000 -0.1078 -0.0195 0.0112 -0.1082 0.9606 0.0453 -0.0103 0.0150 0.0451 -0.8023 0.5059 -0.0036 0.0035 -0.4930 -0.8295 1.644105 
751.5136 41.802 148.431 -0.83072 0.51045 0.824 0.000 0.10929 9.0000 40.62 0.9715 0.9721 1.0000 -0.1068 -0.0202 0.0103 -0.1076 0.9610 0.0458 -0.0092 0.0154 0.0462 -0.8005 0.5070 -0.0036 0.0040 -0.4940 -0.8286 1.649793 
748.4765 41.812 148.360 -0.82915 0.51089 0.828 0.000 0.10883 9.0000 41.73 0.9707 0.9714 1.0000 -0.1058 -0.0212 0.0093 -0.1075 0.9606 0.0461 -0.0088 0.0156 0.0462 -0.7988 0.5074 -0.0040 0.0030 -0.4942 -0.8269 1.656487 
745.8699 41.807 148.290 -0.82908 0.51226 0.830 0.000 0.10906 9.0000 42.54 0.9712 0.9718 1.0000 -0.1060 -0.0215 0.0080 -0.1078 0.9609 0.0451 -0.0089 0.0152 0.0459 -0.7991 0.5087 -0.0045 0.0024 -0.4958 -0.8267 1.662276 
743.2603 41.803 148.127 -0.82819 0.51496 0.820 0.000 0.10929 9.0000 44.53 0.9717 0.9723 1.0000 -0.1058 -0.0221 0.0069 -0.1085 0.9613 0.0446 -0.0089 0.0152 0.0468 -0.7985 0.5111 -0.0044 0.0031 -0.4989 -0.8258 1.668113 
740.2117 41.771 147.953 -0.82763 0.51811 0.824 0.000 0.11053 9.0000 43.54 0.9724 0.9730 1.0000 -0.1069 -0.0223 0.0058 -0.1099 0.9614 0.0431 -0.0100 0.0148 0.0457 -0.7984 0.5139 -0.0048 0.0028 -0.5023 -0.8249 1.674983 
737.5953 41.724 147.816 -0.82711 0.52055 0.810 0.000 0.11226 9.0000 45.98 0.9732 0.9738 1.0000 -0.1087 -0.0223 0.0060 -0.1115 0.9620 0.0420 -0.0110 0.0135 0.0435 -0.7982 0.5161 -0.0051 0.0016 -0.5052 -0.8246 1.680924 
734.9758 41.662 147.612 -0.82616 0.52405 0.809 0.000 0.11451 9.0000 46.44 0.9741 0.9747 1.0000 -0.1113 -0.0220 0.0061 -0.1134 0.9626 0.0411 -0.0121 0.0136 0.0430 -0.7976 0.5196 -0.0047 0.0020 -0.5089 -0.8238 1.686915 
731.9156 41.614 147.358 -0.82473 0.52829 0.802 0.000 0.11630 9.0000 47.55 0.9752 0.9757 1.0000 -0.1131 -0.0215 0.0060 -0.1152 0.9635 0.0395 -0.0133 0.0138 0.0440 -0.7970 0.5240 -0.0041 0.0028 -0.5133 -0.8224 1.693968 
729.2891 41.563 147.184 -0.82337 0.53096 0.797 0.000 0.11811 9.0000 48.14 0.9756 0.9762 1.0000 -0.1154 -0.0207 0.0063 -0.1165 0.9639 0.0382 -0.0141 0.0135 0.0433 -0.7963 0.5265 -0.0042 0.0022 -0.5162 -0.8207 1.700069 
726.6595 41.524 146.985 -0.82260 0.53450 0.794 0.000 0.11960 9.0000 48.89 0.9769 0.9775 1.0000 -0.1174 -0.0199 0.0064 -0.1176 0.9651 0.0364 -0.0145 0.0136 0.0447 -0.7959 0.5305 -0.0036 0.0034 -0.5198 -0.8206 1.706221 
723.5875 41.502 146.775 -0.82108 0.53780 0.791 0.000 0.12044 9.0000 50.03 0.9782 0.9787 1.0000 -0.1188 -0.0190 0.0058 -0.1181 0.9670 0.0345 -0.0149 0.0137 0.0461 -0.7951 0.5348 -0.0030 0.0042 -0.5231 -0.8200 1.713465 
720.9507 41.481 146.669 -0.81919 0.53874 0.787 0.000 0.12104 9.0000 51.57 0.9781 0.9786 1.0000 -0.1198 -0.0187 0.0059 -0.1184 0.9678 0.0344 -0.0148 0.0139 0.0465 -0.7935 0.5362 -0.0028 0.0040 -0.5239 -0.8185 1.719732 
718.3109 41.470 146.540 -0.81725 0.54011 0.778 0.000 0.12132 9.0000 52.44 0.9777 0.9783 1.0000 -0.1200 -0.0186 0.0060 -0.1187 0.9679 0.0354 -0.0138 0.0143 0.0481 -0.7918 0.5379 -0.0025 0.0046 -0.5250 -0.8165 1.726052 
715.2268 41.473 146.401 -0.81510 0.54153 0.777 0.000 0.12109 9.0000 52.20 0.9770 0.9776 1.0000 -0.1195 -0.0189 0.0054 -0.1188 0.9675 0.0364 -0.0125 0.0147 0.0495 -0.7896 0.5396 -0.0019 0.0054 -0.5259 -0.8141 1.733495 
712.5797 41.469 146.326 -0.81375 0.54217 0.777 0.000 0.12113 9.0000 52.67 0.9765 0.9770 1.0000 -0.1193 -0.0192 0.0046 -0.1190 0.9671 0.0368 -0.0111 0.0146 0.0493 -0.7881 0.5403 -0.0019 0.0054 -0.5262 -0.8126 1.739934 
709.9294 41.476 146.206 -0.81324 0.54429 0.770 0.000 0.12100 9.0000 53.40 0.9773 0.9779 1.0000 -0.1192 -0.0195 0.0033 -0.1190 0.9680 0.0363 -0.0100 0.0144 0.0501 -0.7879 0.5428 -0.0018 0.0062 -0.5284 -0.8125 1.746430 
706.8331 41.464 146.053 -0.81220 0.54675 0.765 0.000 0.12148 9.0000 52.97 0.9777 0.9783 1.0000 -0.1194 -0.0201 0.0024 -0.1197 0.9684 0.0362 -0.0088 0.0141 0.0497 -0.7871 0.5452 -0.0016 0.0064 -0.5311 -0.8117 1.754080 
704.1754 41.437 145.921 -0.81090 0.54859 0.761 0.000 0.12241 9.0000 54.59 0.9776 0.9782 1.0000 -0.1201 -0.0203 0.0023 -0.1208 0.9681 0.0370 -0.0080 0.0136 0.0486 -0.7856 0.5466 -0.0015 0.0062 -0.5331 -0.8103 1.760700 
701.5145 41.409 145.758 -0.80898 0.55066 0.759 0.000 0.12333 9.0000 55.21 0.9779 0.9785 1.0000 -0.1207 -0.0206 0.0025 -0.1221 0.9690 0.0377 -0.0073 0.0132 0.0481 -0.7839 0.5485 -0.0015 0.0057 -0.5358 -0.8090 1.767379 
698.4057 41.372 145.532 -0.80749 0.55431 0.755 0.000 0.12472 9.0000 56.29 0.9791 0.9797 1.0000 -0.1221 -0.0202 0.0022 -0.1236 0.9705 0.0369 -0.0077 0.0128 0.0476 -0.7830 0.5524 -0.0015 0.0055 -0.5398 -0.8081 1.775246 
695.7374 41.338 145.341 -0.80596 0.55722 0.751 0.000 0.12594 9.0000 57.30 0.9801 0.9806 1.0000 -0.1238 -0.0195 0.0023 -0.1246 0.9718 0.0361 -0.0085 0.0121 0.0470 -0.7823 0.5553 -0.0014 0.0049 -0.5434 -0.8070 1.782054 
693.0656 41.304 145.165 -0.80473 0.56002 0.750 0.000 0.12720 9.0000 56.36 0.9813 0.9818 1.0000 -0.1255 -0.0185 0.0027 -0.1256 0.9736 0.0351 -0.0095 0.0115 0.0463 -0.7817 0.5585 -0.0012 0.0045 -0.5468 -0.8065 1.788924 
689.9442 41.277 144.918 -0.80225 0.56346 0.746 0.000 0.12811 9.0000 56.95 0.9826 0.9831 1.0000 -0.1267 -0.0175 0.0027 -0.1264 0.9761 0.0338 -0.0108 0.0113 0.0470 -0.7800 0.5629 -0.0007 0.0049 -0.5506 -0.8053 1.797018 
687.2649 41.244 144.753 -0.79941 0.56490 0.741 0.000 0.12906 9.0000 57.92 0.9822 0.9827 1.0000 -0.1277 -0.0171 0.0035 -0.1274 0.9768 0.0344 -0.0117 0.0111 0.0469 -0.7775 0.5646 -0.0007 0.0041 -0.5520 -0.8028 1.804023 
684.5822 41.221 144.583 -0.79759 0.56717 0.733 0.000 0.12986 9.0000 58.43 0.9824 0.9829 1.0000 -0.1284 -0.0160 0.0036 -0.1283 0.9772 0.0343 -0.0126 0.0108 0.0470 -0.7761 0.5671 -0.0006 0.0043 -0.5543 -0.8009 1.811093 
681.4479 41.200 144.399 -0.79513 0.56927 0.731 0.000 0.13049 9.0000 58.51 0.9822 0.9827 1.0000 -0.1288 -0.0154 0.0036 -0.1292 0.9774 0.0349 -0.0130 0.0110 0.0479 -0.7738 0.5693 -0.0001 0.0055 -0.5564 -0.7985 1.819423 
678.7576 41.170 144.267 -0.79413 0.57133 0.727 0.000 0.13159 9.0000 58.31 0.9822 0.9827 1.0000 -0.1299 -0.0147 0.0033 -0.1303 0.9769 0.0346 -0.0135 0.0108 0.0477 -0.7727 0.5715 0.0000 0.0061 -0.5579 -0.7973 1.826634 
676.0637 41.140 144.124 -0.79366 0.57402 0.728 0.000 0.13277 9.0000 58.72 0.9829 0.9834 1.0000 -0.1310 -0.0140 0.0025 -0.1315 0.9770 0.0339 -0.0138 0.0105 0.0479 -0.7721 0.5743 0.0003 0.0073 -0.5605 -0.7970 1.833913 
672.9164 41.098 143.936 -0.79270 0.57728 0.720 0.000 0.13440 9.0000 61.05 0.9832 0.9837 1.0000 -0.1324 -0.0136 0.0019 -0.1332 0.9763 0.0336 -0.0137 0.0103 0.0481 -0.7712 0.5773 0.0004 0.0086 -0.5635 -0.7954 1.842490 
670.2148 41.040 143.757 -0.79074 0.57964 0.711 0.000 0.13638 9.0000 60.27 0.9827 0.9832 1.0000 -0.1340 -0.0136 0.0021 -0.1354 0.9752 0.0350 -0.0131 0.0101 0.0474 -0.7691 0.5792 0.0007 0.0097 -0.5657 -0.7928 1.849917 
667.0584 40.987 143.522 -0.78858 0.58305 0.707 0.000 0.13830 9.0000 59.96 0.9833 0.9838 1.0000 -0.1358 -0.0132 0.0018 -0.1375 0.9758 0.0349 -0.0127 0.0098 0.0476 -0.7674 0.5829 0.0010 0.0105 -0.5692 -0.7907 1.858671 
664.3491 40.939 143.315 -0.78663 0.58601 0.714 0.000 0.13998 9.0000 60.67 0.9840 0.9845 1.0000 -0.1378 -0.0127 0.0016 -0.1389 0.9768 0.0347 -0.0131 0.0096 0.0473 -0.7660 0.5861 0.0011 0.0111 -0.5723 -0.7890 1.866251 
661.6360 40.891 143.094 -0.78384 0.58865 0.709 0.000 0.14156 9.0000 60.86 0.9842 0.9847 1.0000 -0.1396 -0.0125 0.0017 -0.1403 0.9776 0.0350 -0.0134 0.0097 0.0475 -0.7637 0.5889 0.0015 0.0116 -0.5753 -0.7865 1.873903 
658.4662 40.842 142.852 -0.78028 0.59115 0.704 0.000 0.14309 9.0000 59.65 0.9845 0.9851 1.0000 -0.1415 -0.0120 0.0018 -0.1418 0.9795 0.0350 -0.0136 0.0095 0.0472 -0.7610 0.5920 0.0017 0.0113 -0.5781 -0.7836 1.882924 
655.7453 40.813 142.641 -0.77755 0.59360 0.698 0.000 0.14399 9.0000 59.04 0.9852 0.9857 1.0000 -0.1427 -0.0118 0.0017 -0.1426 0.9814 0.0346 -0.0140 0.0095 0.0481 -0.7589 0.5950 0.0020 0.0115 -0.5811 -0.7817 1.890737 
653.0207 40.772 142.448 -0.77480 0.59565 0.692 0.000 0.14528 9.0000 60.39 0.9853 0.9858 1.0000 -0.1440 -0.0117 0.0016 -0.1440 0.9823 0.0348 -0.0141 0.0096 0.0482 -0.7567 0.5972 0.0022 0.0112 -0.5836 -0.7792 1.898626 
649.8373 40.729 142.231 -0.77164 0.59788 0.682 0.000 0.14662 9.0000 58.04 0.9853 0.9858 1.0000 -0.1454 -0.0113 0.0014 -0.1453 0.9832 0.0350 -0.0143 0.0093 0.0480 -0.7542 0.5994 0.0022 0.0113 -0.5863 -0.7761 1.907927 
647.1047 40.686 142.053 -0.77002 0.60045 0.672 0.000 0.14816 9.0000 58.75 0.9856 0.9861 1.0000 -0.1470 -0.0113 0.0009 -0.1469 0.9833 0.0347 -0.0141 0.0091 0.0485 -0.7527 0.6017 0.0025 0.0120 -0.5892 -0.7745 1.915984 
644.3683 40.628 141.871 -0.76842 0.60314 0.669 0.000 0.15025 9.0000 57.67 0.9857 0.9862 1.0000 -0.1492 -0.0113 0.0005 -0.1487 0.9828 0.0346 -0.0138 0.0089 0.0478 -0.7510 0.6040 0.0027 0.0127 -0.5918 -0.7726 1.924120 
641.1711 40.551 141.664 -0.76675 0.60633 0.660 0.000 0.15306 9.0000 58.53 0.9857 0.9862 1.0000 -0.1520 -0.0113 -0.0002 -0.1514 0.9818 0.0346 -0.0137 0.0085 0.0470 -0.7490 0.6066 0.0029 0.0132 -0.5950 -0.7705 1.933715 
638.4266 40.485 141.460 -0.76507 0.60945 0.656 0.000 0.15544 9.0000 58.92 0.9859 0.9864 1.0000 -0.1545 -0.0113 -0.0007 -0.1535 0.9812 0.0343 -0.0135 0.0086 0.0468 -0.7474 0.6093 0.0030 0.0143 -0.5981 -0.7683 1.942027 
635.6782 40.412 141.251 -0.76313 0.61246 0.654 0.000 0.15808 9.0000 59.73 0.9860 0.9865 1.0000 -0.1573 -0.0110 -0.0011 -0.1558 0.9806 0.0345 -0.0132 0.0084 0.0460 -0.7454 0.6123 0.0033 0.0151 -0.6008 -0.7660 1.950424 
632.4670 40.333 140.998 -0.76066 0.61602 0.653 0.000 0.16090 9.0000 59.70 0.9862 0.9867 1.0000 -0.1603 -0.0107 -0.0015 -0.1583 0.9802 0.0345 -0.0125 0.0085 0.0463 -0.7428 0.6156 0.0036 0.0160 -0.6042 -0.7635 1.960327 
629.7104 40.269 140.787 -0.75828 0.61873 0.647 0.000 0.16312 9.0000 57.97 0.9863 0.9868 1.0000 -0.1627 -0.0105 -0.0019 -0.1603 0.9803 0.0346 -0.0123 0.0083 0.0461 -0.7405 0.6182 0.0037 0.0164 -0.6070 -0.7611 1.968908 
626.9500 40.208 140.573 -0.75584 0.62145 0.642 0.000 0.16521 9.0000 58.56 0.9865 0.9870 1.0000 -0.1650 -0.0102 -0.0022 -0.1622 0.9804 0.0346 -0.0124 0.0083 0.0462 -0.7381 0.6211 0.0040 0.0166 -0.6097 -0.7588 1.977577 
623.7246 40.143 140.318 -0.75275 0.62454 0.638 0.000 0.16743 9.0000 58.71 0.9867 0.9872 1.0000 -0.1671 -0.0100 -0.0026 -0.1645 0.9809 0.0347 -0.0119 0.0083 0.0465 -0.7352 0.6244 0.0042 0.0166 -0.6128 -0.7560 1.987803 
620.9557 40.087 140.114 -0.75063 0.62732 0.637 0.000 0.16941 9.0000 58.20 0.9869 0.9875 1.0000 -0.1691 -0.0099 -0.0030 -0.1665 0.9809 0.0346 -0.0119 0.0083 0.0469 -0.7330 0.6268 0.0044 0.0169 -0.6158 -0.7539 1.996667 
618.1830 40.024 139.902 -0.74797 0.62979 0.631 0.000 0.17158 9.0000 56.39 0.9871 0.9876 1.0000 -0.1712 -0.0099 -0.0035 -0.1688 0.9812 0.0348 -0.0118 0.0081 0.0468 -0.7306 0.6293 0.0046 0.0170 -0.6184 -0.7513 2.005623 
614.9432 39.940 139.644 -0.74525 0.63328 0.627 0.000 0.17456 9.0000 56.36 0.9872 0.9877 1.0000 -0.1741 -0.0098 -0.0042 -0.1717 0.9808 0.0349 -0.0116 0.0080 0.0466 -0.7278 0.6324 0.0047 0.0177 -0.6220 -0.7484 2.016189 
612.1619 39.860 139.414 -0.74266 0.63622 0.616 0.000 0.17738 9.0000 54.89 0.9870 0.9875 1.0000 -0.1768 -0.0098 -0.0046 -0.1744 0.9800 0.0348 -0.0115 0.0076 0.0459 -0.7252 0.6347 0.0049 0.0180 -0.6251 -0.7453 2.025350 
609.3767 39.772 139.184 -0.74034 0.63941 0.615 0.000 0.18054 9.0000 54.97 0.9873 0.9878 1.0000 -0.1799 -0.0097 -0.0050 -0.1775 0.9796 0.0349 -0.0116 0.0074 0.0455 -0.7230 0.6375 0.0052 0.0187 -0.6282 -0.7426 2.034607 
606.1223 39.669 138.907 -0.73747 0.64318 0.609 0.000 0.18422 9.0000 54.27 0.9873 0.9878 1.0000 -0.1835 -0.0095 -0.0054 -0.1810 0.9787 0.0351 -0.0113 0.0072 0.0451 -0.7199 0.6407 0.0053 0.0197 -0.6319 -0.7393 2.045531 
603.3284 39.589 138.672 -0.73500 0.64636 0.596 0.000 0.18710 9.0000 53.64 0.9874 0.9879 1.0000 -0.1864 -0.0093 -0.0056 -0.1837 0.9782 0.0353 -0.0111 0.0073 0.0450 -0.7176 0.6435 0.0054 0.0206 -0.6351 -0.7364 2.055003 
600.5306 39.502 138.433 -0.73236 0.64946 0.594 0.000 0.19021 9.0000 50.40 0.9876 0.9881 1.0000 -0.1895 -0.0090 -0.0058 -0.1867 0.9779 0.0356 -0.0108 0.0072 0.0447 -0.7150 0.6464 0.0057 0.0214 -0.6382 -0.7336 2.064577 
597.2613 39.402 138.167 -0.72945 0.65297 0.585 0.000 0.19376 9.0000 49.21 0.9878 0.9883 1.0000 -0.1931 -0.0088 -0.0061 -0.1901 0.9775 0.0359 -0.0103 0.0070 0.0447 -0.7121 0.6495 0.0059 0.0223 -0.6417 -0.7304 2.075879 
594.4547 39.320 137.934 -0.72657 0.65571 0.580 0.000 0.19663 9.0000 48.65 0.9880 0.9885 1.0000 -0.1959 -0.0085 -0.0064 -0.1929 0.9776 0.0360 -0.0101 0.0068 0.0445 -0.7095 0.6521 0.0059 0.0231 -0.6447 -0.7273 2.085679 
591.6440 39.231 137.706 -0.72414 0.65877 0.568 0.000 0.19985 9.0000 45.56 0.9881 0.9886 1.0000 -0.1990 -0.0083 -0.0069 -0.1961 0.9769 0.0362 -0.0098 0.0066 0.0442 -0.7072 0.6548 0.0059 0.0241 -0.6476 -0.7244 2.095588 
588.3597 39.127 137.427 -0.72080 0.66218 0.567 0.000 0.20352 9.0000 44.66 0.9885 0.9890 1.0000 -0.2026 -0.0082 -0.0073 -0.1998 0.9771 0.0358 -0.0090 0.0064 0.0441 -0.7042 0.6580 0.0058 0.0251 -0.6512 -0.7209 2.107286 
585.5402 39.029 137.182 -0.71799 0.66529 0.560 0.000 0.20701 9.0000 44.24 0.9887 0.9893 1.0000 -0.2061 -0.0080 -0.0077 -0.2032 0.9769 0.0354 -0.0083 0.0062 0.0435 -0.7015 0.6607 0.0056 0.0262 -0.6545 -0.7179 2.117433 
582.7166 38.929 136.941 -0.71500 0.66813 0.558 0.000 0.21055 9.0000 42.40 0.9894 0.9899 1.0000 -0.2098 -0.0079 -0.0081 -0.2066 0.9776 0.0349 -0.0077 0.0060 0.0431 -0.6990 0.6635 0.0055 0.0268 -0.6578 -0.7150 2.127693 
579.4171 38.800 136.645 -0.71141 0.67168 0.550 0.000 0.21511 9.0000 41.09 0.9896 0.9901 1.0000 -0.2144 -0.0079 -0.0086 -0.2109 0.9773 0.0344 -0.0070 0.0059 0.0424 -0.6957 0.6667 0.0054 0.0279 -0.6615 -0.7110 2.139809 
576.5844 38.686 136.391 -0.70815 0.67457 0.542 0.000 0.21912 9.0000 40.49 0.9899 0.9904 1.0000 -0.2184 -0.0077 -0.0088 -0.2149 0.9775 0.0341 -0.0063 0.0055 0.0417 -0.6929 0.6693 0.0054 0.0289 -0.6647 -0.7074 2.150322 
573.7476 38.571 136.137 -0.70489 0.67744 0.543 0.000 0.22315 9.0000 38.22 0.9900 0.9905 1.0000 -0.2223 -0.0076 -0.0092 -0.2189 0.9772 0.0341 -0.0058 0.0054 0.0415 -0.6901 0.6720 0.0052 0.0295 -0.6675 -0.7036 2.160953 
570.4327 38.439 135.843 -0.70122 0.68089 0.527 0.000 0.22784 9.0000 36.66 0.9902 0.9907 1.0000 -0.2269 -0.0073 -0.0094 -0.2235 0.9768 0.0338 -0.0049 0.0052 0.0416 -0.6868 0.6748 0.0051 0.0306 -0.6711 -0.6994 2.173511 
567.5867 38.326 135.605 -0.69820 0.68362 0.524 0.000 0.23187 9.0000 35.26 0.9904 0.9909 1.0000 -0.2307 -0.0072 -0.0097 -0.2276 0.9765 0.0335 -0.0045 0.0051 0.0418 -0.6841 0.6772 0.0049 0.0310 -0.6739 -0.6959 2.184410 
564.7366 38.200 135.364 -0.69506 0.68627 0.516 0.000 0.23629 9.0000 34.59 0.9905 0.9910 1.0000 -0.2350 -0.0071 -0.0098 -0.2319 0.9760 0.0332 -0.0040 0.0049 0.0416 -0.6812 0.6795 0.0049 0.0314 -0.6766 -0.6922 2.195434 
561.4060 38.051 135.084 -0.69099 0.68897 0.507 0.000 0.24145 9.0000 33.41 0.9906 0.9911 1.0000 -0.2400 -0.0072 -0.0102 -0.2371 0.9759 0.0330 -0.0036 0.0045 0.0416 -0.6778 0.6816 0.0047 0.0319 -0.6797 -0.6875 2.208459 
558.5466 37.915 134.823 -0.68719 0.69145 0.499 0.000 0.24613 9.0000 31.76 0.9906 0.9911 1.0000 -0.2445 -0.0070 -0.0104 -0.2418 0.9757 0.0328 -0.0035 0.0043 0.0414 -0.6744 0.6837 0.0045 0.0322 -0.6824 -0.6833 2.219765 
555.6830 37.777 134.570 -0.68366 0.69399 0.493 0.000 0.25096 9.0000 30.72 0.9907 0.9912 1.0000 -0.2492 -0.0070 -0.0107 -0.2466 0.9754 0.0328 -0.0035 0.0039 0.0414 -0.6712 0.6857 0.0044 0.0328 -0.6852 -0.6793 2.231204 
552.3365 37.608 134.247 -0.67868 0.69676 0.483 0.000 0.25671 9.0000 29.26 0.9910 0.9915 1.0000 -0.2550 -0.0070 -0.0108 -0.2523 0.9759 0.0327 -0.0037 0.0035 0.0409 -0.6669 0.6881 0.0041 0.0331 -0.6886 -0.6741 2.244722 
549.4636 37.453 133.971 -0.67472 0.69941 0.475 0.000 0.26212 9.0000 28.65 0.9913 0.9918 1.0000 -0.2604 -0.0069 -0.0110 -0.2575 0.9761 0.0327 -0.0040 0.0031 0.0409 -0.6633 0.6903 0.0040 0.0338 -0.6918 -0.6699 2.256459 
546.5862 37.289 133.696 -0.67043 0.70166 0.468 0.000 0.26772 9.0000 27.21 0.9916 0.9921 1.0000 -0.2662 -0.0070 -0.0110 -0.2629 0.9765 0.0326 -0.0042 0.0027 0.0405 -0.6596 0.6920 0.0038 0.0343 -0.6948 -0.6655 2.268337 
543.2238 37.082 133.370 -0.66523 0.70421 0.457 0.000 0.27479 9.0000 25.34 0.9920 0.9925 1.0000 -0.2733 -0.0071 -0.0112 -0.2699 0.9770 0.0325 -0.0046 0.0023 0.0400 -0.6554 0.6942 0.0036 0.0347 -0.6980 -0.6598 2.282378 
540.3370 36.891 133.087 -0.66042 0.70605 0.449 0.000 0.28119 9.0000 23.63 0.9924 0.9929 1.0000 -0.2798 -0.0072 -0.0114 -0.2764 0.9780 0.0328 -0.0047 0.0019 0.0399 -0.6516 0.6959 0.0035 0.0354 -0.7006 -0.6547 2.294572 
537.4457 36.688 132.818 -0.65570 0.70764 0.441 0.000 0.28804 9.0000 22.29 0.9928 0.9933 1.0000 -0.2866 -0.0072 -0.0116 -0.2834 0.9788 0.0327 -0.0046 0.0015 0.0396 -0.6479 0.6975 0.0032 0.0362 -0.7027 -0.6496 2.306916 
534.0671 36.437 132.513 -0.65060 0.70968 0.431 0.000 0.29665 9.0000 20.65 0.9933 0.9938 1.0000 -0.2952 -0.0072 -0.0118 -0.2918 0.9791 0.0321 -0.0046 0.0011 0.0391 -0.6439 0.6995 0.0031 0.0371 -0.7050 -0.6437 2.321510 
531.1663 36.209 132.272 -0.64632 0.71099 0.423 0.000 0.30446 9.0000 19.35 0.9934 0.9939 1.0000 -0.3028 -0.0074 -0.0122 -0.2996 0.9788 0.0315 -0.0042 0.0008 0.0389 -0.6404 0.7007 0.0029 0.0382 -0.7062 -0.6385 2.334188 
528.2610 35.964 132.036 -0.64191 0.71201 0.419 0.000 0.31282 9.0000 17.64 0.9934 0.9940 1.0000 -0.3108 -0.0075 -0.0125 -0.3081 0.9785 0.0309 -0.0032 0.0007 0.0382 -0.6368 0.7018 0.0027 0.0390 -0.7069 -0.6332 2.347025 
524.8660 35.668 131.799 -0.63722 0.71271 0.412 0.000 0.32293 9.0000 17.18 0.9934 0.9939 1.0000 -0.3205 -0.0077 -0.0131 -0.3181 0.9776 0.0295 -0.0028 0.0002 0.0375 -0.6331 0.7024 0.0026 0.0398 -0.7071 -0.6271 2.362206 
521.9510 35.403 131.623 -0.63365 0.71312 0.397 0.000 0.33208 9.0000 15.63 0.9932 0.9937 1.0000 -0.3292 -0.0078 -0.0137 -0.3270 0.9763 0.0286 -0.0023 -0.0001 0.0370 -0.6301 0.7027 0.0024 0.0407 -0.7067 -0.6222 2.375399 
518.5446 35.081 131.447 -0.62981 0.71321 0.383 0.000 0.34327 9.0000 14.47 0.9930 0.9935 1.0000 -0.3395 -0.0081 -0.0142 -0.3383 0.9746 0.0280 -0.0010 -0.0005 0.0365 -0.6266 0.7026 0.0022 0.0416 -0.7057 -0.6170 2.391003 
515.6198 34.777 131.343 -0.62656 0.71214 0.378 0.000 0.35364 9.0000 13.60 0.9930 0.9935 1.0000 -0.3494 -0.0085 -0.0148 -0.3486 0.9737 0.0271 0.0001 -0.0007 0.0361 -0.6238 0.7017 0.0023 0.0428 -0.7039 -0.6129 2.404566 
512.6906 34.459 131.272 -0.62366 0.71060 0.375 0.000 0.36450 9.0000 12.43 0.9931 0.9936 1.0000 -0.3594 -0.0089 -0.0153 -0.3597 0.9729 0.0263 0.0011 -0.0011 0.0361 -0.6213 0.7002 0.0023 0.0435 -0.7017 -0.6091 2.418304 
509.2673 34.085 131.257 -0.62102 0.70796 0.365 0.000 0.37724 9.0000 12.29 0.9928 0.9934 1.0000 -0.3712 -0.0094 -0.0157 -0.3724 0.9712 0.0256 0.0014 -0.0014 0.0359 -0.6191 0.6971 0.0020 0.0446 -0.6984 -0.6051 2.434560 
506.3282 33.761 131.293 -0.61915 0.70494 0.365 0.000 0.38821 9.0000 11.17 0.9930 0.9935 1.0000 -0.3816 -0.0100 -0.0163 -0.3834 0.9706 0.0254 0.0019 -0.0017 0.0354 -0.6178 0.6941 0.0019 0.0452 -0.6950 -0.6023 2.448692 
503.3844 33.437 131.395 -0.61779 0.70088 0.365 0.000 0.39902 9.0000 10.51 0.9929 0.9935 1.0000 -0.3920 -0.0104 -0.0165 -0.3941 0.9700 0.0256 0.0025 -0.0018 0.0346 -0.6169 0.6903 0.0017 0.0459 -0.6904 -0.6002 2.463012 
499.9442 33.087 131.622 -0.61763 0.69512 0.367 0.000 0.41063 9.0000 9.41 0.9934 0.9940 1.0000 -0.4034 -0.0107 -0.0166 -0.4057 0.9703 0.0254 0.0024 -0.0025 0.0340 -0.6174 0.6851 0.0013 0.0466 -0.6845 -0.5996 2.479960 
496.9904 32.793 131.888 -0.61828 0.68937 0.382 0.000 0.42034 9.0000 8.71 0.9937 0.9942 1.0000 -0.4130 -0.0111 -0.0164 -0.4153 0.9704 0.0249 0.0021 -0.0030 0.0337 -0.6185 0.6797 0.0012 0.0472 -0.6786 -0.5998 2.494700 
494.0320 32.520 132.190 -0.61925 0.68318 0.403 0.000 0.42917 9.0000 7.93 0.9936 0.9942 1.0000 -0.4222 -0.0115 -0.0164 -0.4234 0.9702 0.0248 0.0022 -0.0036 0.0336 -0.6199 0.6739 0.0008 0.0485 -0.6721 -0.6002 2.509639 
490.5746 32.239 132.637 -0.62165 0.67516 0.417 0.000 0.43820 9.0000 6.63 0.9930 0.9936 1.0000 -0.4313 -0.0118 -0.0162 -0.4316 0.9691 0.0249 0.0021 -0.0042 0.0333 -0.6227 0.6664 0.0003 0.0486 -0.6631 -0.6014 2.527326 
487.6060 32.033 133.061 -0.62462 0.66840 0.452 0.000 0.44490 9.0000 6.21 0.9923 0.9929 1.0000 -0.4380 -0.0119 -0.0160 -0.4373 0.9673 0.0250 0.0021 -0.0047 0.0327 -0.6257 0.6600 -0.0001 0.0488 -0.6550 -0.6031 2.542713 
484.6327 31.851 133.497 -0.62782 0.66165 0.505 0.000 0.45073 9.0000 5.69 0.9917 0.9923 1.0000 -0.4436 -0.0121 -0.0157 -0.4425 0.9660 0.0252 0.0022 -0.0050 0.0325 -0.6291 0.6537 -0.0004 0.0490 -0.6471 -0.6052 2.558313 
481.1579 31.688 134.024 -0.63233 0.65425 0.633 0.000 0.45612 9.0000 5.66 0.9914 0.9920 1.0000 -0.4489 -0.0122 -0.0154 -0.4474 0.9650 0.0248 0.0025 -0.0057 0.0328 -0.6335 0.6470 -0.0007 0.0491 -0.6386 -0.6090 2.576788 
478.1744 31.572 134.486 -0.63647 0.64800 0.770 0.000 0.45991 9.0000 5.94 0.9919 0.9924 1.0000 -0.4527 -0.0127 -0.0157 -0.4513 0.9656 0.0245 0.0030 -0.0058 0.0322 -0.6381 0.6419 -0.0007 0.0496 -0.6318 -0.6130 2.592865 
475.1861 31.478 134.922 -0.64088 0.64263 0.913 0.000 0.46332 9.0000 6.83 0.9920 0.9926 1.0000 -0.4557 -0.0129 -0.0159 -0.4548 0.9650 0.0242 0.0032 -0.0059 0.0325 -0.6425 0.6374 -0.0004 0.0499 -0.6254 -0.6169 2.609171 
471.6937 31.402 135.410 -0.64627 0.63709 1.098 0.000 0.46630 9.0000 8.36 0.9921 0.9927 1.0000 -0.4584 -0.0127 -0.0160 -0.4574 0.9639 0.0243 0.0042 -0.0055 0.0318 -0.6475 0.6326 -0.0008 0.0510 -0.6186 -0.6217 2.628489 
468.6950 31.374 135.820 -0.65094 0.63256 1.417 0.000 0.46750 9.0000 10.27 0.9917 0.9923 1.0000 -0.4592 -0.0128 -0.0164 -0.4583 0.9624 0.0242 0.0058 -0.0050 0.0302 -0.6516 0.6286 -0.0010 0.0518 -0.6127 -0.6258 2.645306 
465.6915 31.366 136.253 -0.65602 0.62794 1.931 0.000 0.46809 9.0000 13.54 0.9930 0.9936 1.0000 -0.4599 -0.0125 -0.0165 -0.4596 0.9643 0.0239 0.0076 -0.0048 0.0294 -0.6569 0.6254 -0.0009 0.0530 -0.6080 -0.6318 2.662367 
462.1813 31.364 136.694 -0.66199 0.62395 2.676 0.000 0.46898 9.0000 17.73 0.9933 0.9939 1.0000 -0.4605 -0.0127 -0.0171 -0.4602 0.9632 0.0229 0.0098 -0.0049 0.0281 -0.6614 0.6218 -0.0007 0.0545 -0.6032 -0.6382 2.682588 
459.1674 31.372 137.070 -0.66691 0.62038 2.893 0.000 0.46923 9.0000 17.61 0.9948 0.9954 1.0000 -0.4618 -0.0127 -0.0173 -0.4602 0.9649 0.0230 0.0119 -0.0053 0.0277 -0.6654 0.6195 -0.0004 0.0561 -0.5995 -0.6450 2.700196 
456.1485 31.384 137.444 -0.67167 0.61669 2.523 0.000 0.46927 9.0000 14.32 0.9951 0.9958 1.0000 -0.4623 -0.0128 -0.0175 -0.4597 0.9648 0.0232 0.0147 -0.0055 0.0268 -0.6688 0.6170 -0.0006 0.0570 -0.5946 -0.6509 2.718066 
452.6203 31.389 137.855 -0.67591 0.61171 1.861 0.000 0.46897 9.0000 9.35 0.9943 0.9950 1.0000 -0.4621 -0.0128 -0.0178 -0.4587 0.9635 0.0228 0.0176 -0.0068 0.0268 -0.6709 0.6130 -0.0004 0.0566 -0.5881 -0.6563 2.739254 
449.5909 31.388 138.181 -0.67900 0.60749 1.380 0.000 0.46873 9.0000 6.28 0.9937 0.9943 1.0000 -0.4619 -0.0130 -0.0179 -0.4581 0.9628 0.0216 0.0188 -0.0084 0.0279 -0.6719 0.6100 -0.0001 0.0552 -0.5824 -0.6608 2.757711 
446.5565 31.384 138.491 -0.68151 0.60314 1.066 0.000 0.46837 9.0000 4.29 0.9928 0.9934 1.0000 -0.4615 -0.0132 -0.0179 -0.4574 0.9620 0.0198 0.0193 -0.0106 0.0298 -0.6720 0.6071 0.0005 0.0530 -0.5763 -0.6651 2.776450 
443.0101 31.376 138.829 -0.68388 0.59809 0.816 0.000 0.46790 9.0000 2.87 0.9917 0.9924 1.0000 -0.4611 -0.0136 -0.0179 -0.4567 0.9615 0.0171 0.0192 -0.0138 0.0331 -0.6714 0.6041 0.0013 0.0493 -0.5691 -0.6700 2.798676 
439.9650 31.367 139.057 -0.68480 0.59410 0.636 0.000 0.46724 9.0000 2.11 0.9902 0.9907 1.0000 -0.4603 -0.0139 -0.0177 -0.4557 0.9603 0.0147 0.0185 -0.0165 0.0360 -0.6697 0.6014 0.0020 0.0459 -0.5632 -0.6727 2.818047 
